Material,Density,AllowableStressMPa,PressureBar,InternalVolume,StoredEnergyMJ,Radius,Length,HeadDepth,ShellThickness,HeadThickness,Mass
SA-285 B,7750,380,200,0.0349999993965026,163.799997175632,0.135399008539165,0.517431138873706,0.0676995042695824,0.00735864176843279,0.005,32.719085323229
